,company_name_id,year_founded,zip_code,full_time_employees,company_category,description,description_short,job_name,job_id
0,accuweather,1962.0,16803.0,350.5,Environment & Weather,"Provides local forecasts for everywhere in the United States and over two million locations worldwide. also provides our products and services to more than 175,000 paying customers in media, business, government and institutions. Our headquarters in State College, PA, is home to the greatest number of forecast meteorologists in one location anywhere in the world.",Provides local forecasts for everywhere in the United States and over two million locations worldwide.,Data Scientist,0
1,accuweather,1962.0,16803.0,350.5,Environment & Weather,"Provides local forecasts for everywhere in the United States and over two million locations worldwide. also provides our products and services to more than 175,000 paying customers in media, business, government and institutions. Our headquarters in State College, PA, is home to the greatest number of forecast meteorologists in one location anywhere in the world.",Provides local forecasts for everywhere in the United States and over two million locations worldwide.,Python Software Engineer,1
2,accuweather,1962.0,16803.0,350.5,Environment & Weather,"Provides local forecasts for everywhere in the United States and over two million locations worldwide. also provides our products and services to more than 175,000 paying customers in media, business, government and institutions. Our headquarters in State College, PA, is home to the greatest number of forecast meteorologists in one location anywhere in the world.",Provides local forecasts for everywhere in the United States and over two million locations worldwide.,Java Developer,2
3,accuweather,1962.0,16803.0,350.5,Environment & Weather,"Provides local forecasts for everywhere in the United States and over two million locations worldwide. also provides our products and services to more than 175,000 paying customers in media, business, government and institutions. Our headquarters in State College, PA, is home to the greatest number of forecast meteorologists in one location anywhere in the world.",Provides local forecasts for everywhere in the United States and over two million locations worldwide.,Cloud Engineer,3
4, ,1962.0,16803.0,350.5,Environment & Weather,"Provides local forecasts for everywhere in the United States and over two million locations worldwide. also provides our products and services to more than 175,000 paying customers in media, business, government and institutions. Our headquarters in State College, PA, is home to the greatest number of forecast meteorologists in one location anywhere in the world.",Provides local forecasts for everywhere in the United States and over two million locations worldwide.,Data Scientist,4
5,allianz,1896.0,10019.0,10001.0,Finance & Investment,"The Company is a provider of retirement solutions, including fixed and variable annuities and life insurance for individuals.","The Company is a provider of retirement solutions, including fixed and variable annuities and life insurance for individuals.",Data Scientist,5
6,allianz,1896.0,10019.0,10001.0,Finance & Investment,"The Company is a provider of retirement solutions, including fixed and variable annuities and life insurance for individuals.","The Company is a provider of retirement solutions, including fixed and variable annuities and life insurance for individuals.",Python Software Engineer,6
7,allianz,1896.0,10019.0,10001.0,Finance & Investment,"The Company is a provider of retirement solutions, including fixed and variable annuities and life insurance for individuals.","The Company is a provider of retirement solutions, including fixed and variable annuities and life insurance for individuals.",Java Developer,7
8,allianz,1896.0,10019.0,10001.0,Finance & Investment,"The Company is a provider of retirement solutions, including fixed and variable annuities and life insurance for individuals.","The Company is a provider of retirement solutions, including fixed and variable annuities and life insurance for individuals.",Cloud Engineer,8
9, ,1896.0,10019.0,10001.0,Finance & Investment,"The Company is a provider of retirement solutions, including fixed and variable annuities and life insurance for individuals.","The Company is a provider of retirement solutions, including fixed and variable annuities and life insurance for individuals.",Data Scientist,9
10,amazon,2007.0,98109.0,1533.68,Data/Technology,"<p>The company offers a broad set of global compute, storage, database, analytics, application, and deployment services that help organizations move faster, lower IT costs, and scale applications. These services are trusted by the largest enterprises and the hottest start-ups to power a wide variety of workloads including: web and mobile applications, data processing and warehousing, storage, archive, and many others.</p>

<p>Worldwide Public Sector is helping government and education customers employ cloud services to reduce costs, drive efficiencies, and increase innovation across the globe. With AWS, you only pay for what you use, with no up-front physical infrastructure expenses or long-term commitments. Public Sector organizations of all sizes use AWS to build applications, host websites, harness big data, store information, conduct research, improve online access for citizens, and more.</p>", It provides cloud computing services through the company to a range of clients.,Python Software Engineer,10
11, ,2007.0,98109.0,1533.68,Data/Technology,"<p>The company offers a broad set of global compute, storage, database, analytics, application, and deployment services that help organizations move faster, lower IT costs, and scale applications. These services are trusted by the largest enterprises and the hottest start-ups to power a wide variety of workloads including: web and mobile applications, data processing and warehousing, storage, archive, and many others.</p>

<p>Worldwide Public Sector is helping government and education customers employ cloud services to reduce costs, drive efficiencies, and increase innovation across the globe. With AWS, you only pay for what you use, with no up-front physical infrastructure expenses or long-term commitments. Public Sector organizations of all sizes use AWS to build applications, host websites, harness big data, store information, conduct research, improve online access for citizens, and more.</p>", It provides cloud computing services through the company to a range of clients.,Python Software Engineer,11
12,amazon,2007.0,98109.0,1533.68,Data/Technology,"<p>The company offers a broad set of global compute, storage, database, analytics, application, and deployment services that help organizations move faster, lower IT costs, and scale applications. These services are trusted by the largest enterprises and the hottest start-ups to power a wide variety of workloads including: web and mobile applications, data processing and warehousing, storage, archive, and many others.</p>

<p>Worldwide Public Sector is helping government and education customers employ cloud services to reduce costs, drive efficiencies, and increase innovation across the globe. With AWS, you only pay for what you use, with no up-front physical infrastructure expenses or long-term commitments. Public Sector organizations of all sizes use AWS to build applications, host websites, harness big data, store information, conduct research, improve online access for citizens, and more.</p>", It provides cloud computing services through the company to a range of clients.,Java Developer,12
13,amazon,2007.0,98109.0,1533.68,Data/Technology,"<p>The company offers a broad set of global compute, storage, database, analytics, application, and deployment services that help organizations move faster, lower IT costs, and scale applications. These services are trusted by the largest enterprises and the hottest start-ups to power a wide variety of workloads including: web and mobile applications, data processing and warehousing, storage, archive, and many others.</p>

<p>Worldwide Public Sector is helping government and education customers employ cloud services to reduce costs, drive efficiencies, and increase innovation across the globe. With AWS, you only pay for what you use, with no up-front physical infrastructure expenses or long-term commitments. Public Sector organizations of all sizes use AWS to build applications, host websites, harness big data, store information, conduct research, improve online access for citizens, and more.</p>", It provides cloud computing services through the company to a range of clients.,Cloud Engineer,13
14,amazon,2007.0,98109.0,1533.68,Data/Technology,"<p>The company offers a broad set of global compute, storage, database, analytics, application, and deployment services that help organizations move faster, lower IT costs, and scale applications. These services are trusted by the largest enterprises and the hottest start-ups to power a wide variety of workloads including: web and mobile applications, data processing and warehousing, storage, archive, and many others.</p>

<p>Worldwide Public Sector is helping government and education customers employ cloud services to reduce costs, drive efficiencies, and increase innovation across the globe. With AWS, you only pay for what you use, with no up-front physical infrastructure expenses or long-term commitments. Public Sector organizations of all sizes use AWS to build applications, host websites, harness big data, store information, conduct research, improve online access for citizens, and more.</p>", It provides cloud computing services through the company to a range of clients.,Data Scientist,14
15,citigroup,1812.0,10022.0,10001.0,Finance & Investment,"Citigroup Inc., a diversified financial services holding company, provides various financial products and services to consumers, corporations, governments, and institutions. 

<p>The company's Global Consumer Banking segment provides various banking, credit card lending, and investment services through a network of local branches, offices, and electronic delivery systems. The company's Institutional Clients Group segment provides a range of banking, and financial products and services to corporate, institutional, public sector, and high-net-worth clients. </p>","The company provides consumers, corporations, governments and institutions with a broad range of financial services and products.",Cloud Engineer,15
16,citigroup,1812.0,10022.0,10001.0,Finance & Investment,"Citigroup Inc., a diversified financial services holding company, provides various financial products and services to consumers, corporations, governments, and institutions. 

<p>The company's Global Consumer Banking segment provides various banking, credit card lending, and investment services through a network of local branches, offices, and electronic delivery systems. The company's Institutional Clients Group segment provides a range of banking, and financial products and services to corporate, institutional, public sector, and high-net-worth clients. </p>","The company provides consumers, corporations, governments and institutions with a broad range of financial services and products.",Python Software Engineer,16
17,citigroup,1812.0,10022.0,10001.0,Finance & Investment,"Citigroup Inc., a diversified financial services holding company, provides various financial products and services to consumers, corporations, governments, and institutions. 

<p>The company's Global Consumer Banking segment provides various banking, credit card lending, and investment services through a network of local branches, offices, and electronic delivery systems. The company's Institutional Clients Group segment provides a range of banking, and financial products and services to corporate, institutional, public sector, and high-net-worth clients. </p>","The company provides consumers, corporations, governments and institutions with a broad range of financial services and products.",Java Developer,17
18, ,1812.0,10022.0,10001.0,Finance & Investment,"Citigroup Inc., a diversified financial services holding company, provides various financial products and services to consumers, corporations, governments, and institutions. 

<p>The company's Global Consumer Banking segment provides various banking, credit card lending, and investment services through a network of local branches, offices, and electronic delivery systems. The company's Institutional Clients Group segment provides a range of banking, and financial products and services to corporate, institutional, public sector, and high-net-worth clients. </p>","The company provides consumers, corporations, governments and institutions with a broad range of financial services and products.",Cloud Engineer,18
19,citigroup,1812.0,10022.0,10001.0,Finance & Investment,"Citigroup Inc., a diversified financial services holding company, provides various financial products and services to consumers, corporations, governments, and institutions. 

<p>The company's Global Consumer Banking segment provides various banking, credit card lending, and investment services through a network of local branches, offices, and electronic delivery systems. The company's Institutional Clients Group segment provides a range of banking, and financial products and services to corporate, institutional, public sector, and high-net-worth clients. </p>","The company provides consumers, corporations, governments and institutions with a broad range of financial services and products.",Data Scientist,19
20,fujitsu,1935.0,94089.0,10001.0,Data/Technology,"The company is a leading Japanese information and communication technology (ICT) company offering a full range of technology products, solutions and services.  We use our experience and the power of ICT to shape the future of society with our customers.",The company works to shape the future of society and business by using the power of ICT to contribute to their clients' success.,Data Scientist,20
21,fujitsu,1935.0,94089.0,10001.0,Data/Technology,"The company is a leading Japanese information and communication technology (ICT) company offering a full range of technology products, solutions and services.  We use our experience and the power of ICT to shape the future of society with our customers.",The company works to shape the future of society and business by using the power of ICT to contribute to their clients' success.,Python Software Engineer,21
22,fujitsu,1935.0,94089.0,10001.0,Data/Technology,"The company is a leading Japanese information and communication technology (ICT) company offering a full range of technology products, solutions and services.  We use our experience and the power of ICT to shape the future of society with our customers.",The company works to shape the future of society and business by using the power of ICT to contribute to their clients' success.,Java Developer,22
23,fujitsu,1935.0,94089.0,10001.0,Data/Technology,"The company is a leading Japanese information and communication technology (ICT) company offering a full range of technology products, solutions and services.  We use our experience and the power of ICT to shape the future of society with our customers.",The company works to shape the future of society and business by using the power of ICT to contribute to their clients' success.,Cloud Engineer,23
24, ,1935.0,94089.0,10001.0,Data/Technology,"The company is a leading Japanese information and communication technology (ICT) company offering a full range of technology products, solutions and services.  We use our experience and the power of ICT to shape the future of society with our customers.",The company works to shape the future of society and business by using the power of ICT to contribute to their clients' success.,Data Scientist,24
25,garmin,1989.0,66062.0,7500.5,Geospatial/Mapping,"As a global provider of navigation, The company is committed to making geospatial information products for automotive, aviation, marine, outdoor and sports companies. Our “vertical integration” business model keeps these functions in-house, giving us more control over timelines, quality and service.","The company's products provide geospatial information for automotive, aviation, marine, outdoor, and sports uses.",Data Scientist,25
26,garmin,1989.0,66062.0,7500.5,Geospatial/Mapping,"As a global provider of navigation, The company is committed to making geospatial information products for automotive, aviation, marine, outdoor and sports companies. Our “vertical integration” business model keeps these functions in-house, giving us more control over timelines, quality and service.","The company's products provide geospatial information for automotive, aviation, marine, outdoor, and sports uses.",Python Software Engineer,26
27,garmin,1989.0,66062.0,7500.5,Geospatial/Mapping,"As a global provider of navigation, The company is committed to making geospatial information products for automotive, aviation, marine, outdoor and sports companies. Our “vertical integration” business model keeps these functions in-house, giving us more control over timelines, quality and service.","The company's products provide geospatial information for automotive, aviation, marine, outdoor, and sports uses.",Java Developer,27
28,garmin,1989.0,66062.0,7500.5,Geospatial/Mapping,"As a global provider of navigation, The company is committed to making geospatial information products for automotive, aviation, marine, outdoor and sports companies. Our “vertical integration” business model keeps these functions in-house, giving us more control over timelines, quality and service.","The company's products provide geospatial information for automotive, aviation, marine, outdoor, and sports uses.",Cloud Engineer,28
29, ,1989.0,66062.0,7500.5,Geospatial/Mapping,"As a global provider of navigation, The company is committed to making geospatial information products for automotive, aviation, marine, outdoor and sports companies. Our “vertical integration” business model keeps these functions in-house, giving us more control over timelines, quality and service.","The company's products provide geospatial information for automotive, aviation, marine, outdoor, and sports uses.",Data Scientist,29
30,github,2008.0,94107.0,350.5,Data/Technology,"The company is a social network for programmers. The company builds tools that make collaborating and writing software easier, and enable powerful collaboration, code review, and code management for open source and private projects. ",The company is at code host with over 9.8 million repositories and tools are open to the community for public projects and secure for private projects.,Cloud Engineer,30
31,github,2008.0,94107.0,350.5,Data/Technology,"The company is a social network for programmers. The company builds tools that make collaborating and writing software easier, and enable powerful collaboration, code review, and code management for open source and private projects. ",The company is at code host with over 9.8 million repositories and tools are open to the community for public projects and secure for private projects.,Python Software Engineer,31
32,github,2008.0,94107.0,350.5,Data/Technology,"The company is a social network for programmers. The company builds tools that make collaborating and writing software easier, and enable powerful collaboration, code review, and code management for open source and private projects. ",The company is at code host with over 9.8 million repositories and tools are open to the community for public projects and secure for private projects.,Java Developer,32
33, ,2008.0,94107.0,350.5,Data/Technology,"The company is a social network for programmers. The company builds tools that make collaborating and writing software easier, and enable powerful collaboration, code review, and code management for open source and private projects. ",The company is at code host with over 9.8 million repositories and tools are open to the community for public projects and secure for private projects.,Cloud Engineer,33
34,github,2008.0,94107.0,350.5,Data/Technology,"The company is a social network for programmers. The company builds tools that make collaborating and writing software easier, and enable powerful collaboration, code review, and code management for open source and private projects. ",The company is at code host with over 9.8 million repositories and tools are open to the community for public projects and secure for private projects.,Data Scientist,34
35,ibm,1912.0,0.0,10001.0,Data/Technology,"For five years, The employees have been working with companies, cities and communities around the world to build a Smarter Planet. We've seen enormous advances, as leaders are using an explosion of data to transform their enterprises and institutions through analytics, mobile technology, social business and the cloud. We've also seen how this new era is starting to create winners. They’re changing how their decisions are made. They're redesigning how their teams work, reassessing how to serve their customers, and changing the very nature of business. It's the ability to harness data that gives these leaders their competitive advantage in the era of ""smart.""

<p>Today, conventions once universally held are giving way to new perspectives, new ways of working, and new solutions across industries. Roles are changing. And more than ever, leaders need a partner to help them adapt. </p>","Instrumented. Intelligent. Interconnected.

The employees works with companies, cities and communities around the world to build a smarter planet.",Data Scientist,35
36,ibm,1912.0,0.0,10001.0,Data/Technology,"For five years, The employees have been working with companies, cities and communities around the world to build a Smarter Planet. We've seen enormous advances, as leaders are using an explosion of data to transform their enterprises and institutions through analytics, mobile technology, social business and the cloud. We've also seen how this new era is starting to create winners. They’re changing how their decisions are made. They're redesigning how their teams work, reassessing how to serve their customers, and changing the very nature of business. It's the ability to harness data that gives these leaders their competitive advantage in the era of ""smart.""

<p>Today, conventions once universally held are giving way to new perspectives, new ways of working, and new solutions across industries. Roles are changing. And more than ever, leaders need a partner to help them adapt. </p>","Instrumented. Intelligent. Interconnected.

The employees works with companies, cities and communities around the world to build a smarter planet.",Python Software Engineer,36
37,ibm,1912.0,0.0,10001.0,Data/Technology,"For five years, The employees have been working with companies, cities and communities around the world to build a Smarter Planet. We've seen enormous advances, as leaders are using an explosion of data to transform their enterprises and institutions through analytics, mobile technology, social business and the cloud. We've also seen how this new era is starting to create winners. They’re changing how their decisions are made. They're redesigning how their teams work, reassessing how to serve their customers, and changing the very nature of business. It's the ability to harness data that gives these leaders their competitive advantage in the era of ""smart.""

<p>Today, conventions once universally held are giving way to new perspectives, new ways of working, and new solutions across industries. Roles are changing. And more than ever, leaders need a partner to help them adapt. </p>","Instrumented. Intelligent. Interconnected.

The employees works with companies, cities and communities around the world to build a smarter planet.",Java Developer,37
38,ibm,1912.0,0.0,10001.0,Data/Technology,"For five years, The employees have been working with companies, cities and communities around the world to build a Smarter Planet. We've seen enormous advances, as leaders are using an explosion of data to transform their enterprises and institutions through analytics, mobile technology, social business and the cloud. We've also seen how this new era is starting to create winners. They’re changing how their decisions are made. They're redesigning how their teams work, reassessing how to serve their customers, and changing the very nature of business. It's the ability to harness data that gives these leaders their competitive advantage in the era of ""smart.""

<p>Today, conventions once universally held are giving way to new perspectives, new ways of working, and new solutions across industries. Roles are changing. And more than ever, leaders need a partner to help them adapt. </p>","Instrumented. Intelligent. Interconnected.

The employees works with companies, cities and communities around the world to build a smarter planet.",Cloud Engineer,38
39, ,1912.0,0.0,10001.0,Data/Technology,"For five years, The employees have been working with companies, cities and communities around the world to build a Smarter Planet. We've seen enormous advances, as leaders are using an explosion of data to transform their enterprises and institutions through analytics, mobile technology, social business and the cloud. We've also seen how this new era is starting to create winners. They’re changing how their decisions are made. They're redesigning how their teams work, reassessing how to serve their customers, and changing the very nature of business. It's the ability to harness data that gives these leaders their competitive advantage in the era of ""smart.""

<p>Today, conventions once universally held are giving way to new perspectives, new ways of working, and new solutions across industries. Roles are changing. And more than ever, leaders need a partner to help them adapt. </p>","Instrumented. Intelligent. Interconnected.

The employees works with companies, cities and communities around the world to build a smarter planet.",Data Scientist,39
40,metlife,1868.0,10166.0,10001.0,Insurance,"The company is a global provider of insurance, annuities and employee benefit programs, serving 90 million customers.","The company is a provider of insurance, annuities and employee benefit programs, serving 90 million customers.",Cloud Engineer,40
41,metlife,1868.0,10166.0,10001.0,Insurance,"The company is a global provider of insurance, annuities and employee benefit programs, serving 90 million customers.","The company is a provider of insurance, annuities and employee benefit programs, serving 90 million customers.",Python Software Engineer,41
42,metlife,1868.0,10166.0,10001.0,Insurance,"The company is a global provider of insurance, annuities and employee benefit programs, serving 90 million customers.","The company is a provider of insurance, annuities and employee benefit programs, serving 90 million customers.",Java Developer,42
43, ,1868.0,10166.0,10001.0,Insurance,"The company is a global provider of insurance, annuities and employee benefit programs, serving 90 million customers.","The company is a provider of insurance, annuities and employee benefit programs, serving 90 million customers.",Cloud Engineer,43
44,metlife,1868.0,10166.0,10001.0,Insurance,"The company is a global provider of insurance, annuities and employee benefit programs, serving 90 million customers.","The company is a provider of insurance, annuities and employee benefit programs, serving 90 million customers.",Data Scientist,44
45,uber,2009.0,94105.0,3000.5,Transportation,"The company aims to evolve the way the world moves: by seamlessly connecting riders to drivers through our apps, we make cities more accessible, opening up more possibilities for riders and more business for drivers. Operating in over 50 cities today, Uber's rapidly expanding global presence continues to bring people and their cities closer.","The company connects riders to drivers through apps to make cities more accessible, opening up more possibilities for riders and more business for drivers.",Java Developer,45
46,uber,2009.0,94105.0,3000.5,Transportation,"The company aims to evolve the way the world moves: by seamlessly connecting riders to drivers through our apps, we make cities more accessible, opening up more possibilities for riders and more business for drivers. Operating in over 50 cities today, Uber's rapidly expanding global presence continues to bring people and their cities closer.","The company connects riders to drivers through apps to make cities more accessible, opening up more possibilities for riders and more business for drivers.",Python Software Engineer,46
47, ,2009.0,94105.0,3000.5,Transportation,"The company aims to evolve the way the world moves: by seamlessly connecting riders to drivers through our apps, we make cities more accessible, opening up more possibilities for riders and more business for drivers. Operating in over 50 cities today, Uber's rapidly expanding global presence continues to bring people and their cities closer.","The company connects riders to drivers through apps to make cities more accessible, opening up more possibilities for riders and more business for drivers.",Java Developer,47
48,uber,2009.0,94105.0,3000.5,Transportation,"The company aims to evolve the way the world moves: by seamlessly connecting riders to drivers through our apps, we make cities more accessible, opening up more possibilities for riders and more business for drivers. Operating in over 50 cities today, Uber's rapidly expanding global presence continues to bring people and their cities closer.","The company connects riders to drivers through apps to make cities more accessible, opening up more possibilities for riders and more business for drivers.",Cloud Engineer,48
49,uber,2009.0,94105.0,3000.5,Transportation,"The company aims to evolve the way the world moves: by seamlessly connecting riders to drivers through our apps, we make cities more accessible, opening up more possibilities for riders and more business for drivers. Operating in over 50 cities today, Uber's rapidly expanding global presence continues to bring people and their cities closer.","The company connects riders to drivers through apps to make cities more accessible, opening up more possibilities for riders and more business for drivers.",Data Scientist,49
50,yahoo,1994.0,94089.0,10001.0,Lifestyle & Consumer,"The company  is a global Internet brand. To users, the company provides owned and operated online properties and services (Properties, Offerings, or Owned and Operated sites). also extends its marketing platform and access to Internet users beyond Properties through its distribution network of third-party entities who have integrated its advertising offerings into their Websites or their other offerings. To advertisers and publishers, it provides a range of marketing solutions and tools that enable businesses to reach users who visit Properties and its affiliate sites. To developers, the Company provides an array of Web services and application programming interfaces (APIs), technical resources, tools, and channels to market.","The company is a major internet brand with search, content verticals, and other web services.",Java Developer,50
51,yahoo,1994.0,94089.0,10001.0,Lifestyle & Consumer,"The company  is a global Internet brand. To users, the company provides owned and operated online properties and services (Properties, Offerings, or Owned and Operated sites). also extends its marketing platform and access to Internet users beyond Properties through its distribution network of third-party entities who have integrated its advertising offerings into their Websites or their other offerings. To advertisers and publishers, it provides a range of marketing solutions and tools that enable businesses to reach users who visit Properties and its affiliate sites. To developers, the Company provides an array of Web services and application programming interfaces (APIs), technical resources, tools, and channels to market.","The company is a major internet brand with search, content verticals, and other web services.",Python Software Engineer,51
52, ,1994.0,94089.0,10001.0,Lifestyle & Consumer,"The company  is a global Internet brand. To users, the company provides owned and operated online properties and services (Properties, Offerings, or Owned and Operated sites). also extends its marketing platform and access to Internet users beyond Properties through its distribution network of third-party entities who have integrated its advertising offerings into their Websites or their other offerings. To advertisers and publishers, it provides a range of marketing solutions and tools that enable businesses to reach users who visit Properties and its affiliate sites. To developers, the Company provides an array of Web services and application programming interfaces (APIs), technical resources, tools, and channels to market.","The company is a major internet brand with search, content verticals, and other web services.",Java Developer,52
53,yahoo,1994.0,94089.0,10001.0,Lifestyle & Consumer,"The company  is a global Internet brand. To users, the company provides owned and operated online properties and services (Properties, Offerings, or Owned and Operated sites). also extends its marketing platform and access to Internet users beyond Properties through its distribution network of third-party entities who have integrated its advertising offerings into their Websites or their other offerings. To advertisers and publishers, it provides a range of marketing solutions and tools that enable businesses to reach users who visit Properties and its affiliate sites. To developers, the Company provides an array of Web services and application programming interfaces (APIs), technical resources, tools, and channels to market.","The company is a major internet brand with search, content verticals, and other web services.",Cloud Engineer,53
54,yahoo,1994.0,94089.0,10001.0,Lifestyle & Consumer,"The company  is a global Internet brand. To users, the company provides owned and operated online properties and services (Properties, Offerings, or Owned and Operated sites). also extends its marketing platform and access to Internet users beyond Properties through its distribution network of third-party entities who have integrated its advertising offerings into their Websites or their other offerings. To advertisers and publishers, it provides a range of marketing solutions and tools that enable businesses to reach users who visit Properties and its affiliate sites. To developers, the Company provides an array of Web services and application programming interfaces (APIs), technical resources, tools, and channels to market.","The company is a major internet brand with search, content verticals, and other web services.",Data Scientist,54
55,zurich,1912.0,60196.0,10001.0,Insurance,"The company helps corporate customers gain a structured insight into the complexities of global risk. It uses data on risks as varied as water shortages, energy price fluctuations, or political unrest. The tool goes beyond the ability to look at risks in single dimensions and shows the complex interactions between many different types of risks.",The company is a proprietary global risk analysis tool designed to help illustrate the impact of multivariate risks on individual countries and regions.,Cloud Engineer,55
56,zurich,1912.0,60196.0,10001.0,Insurance,"The company helps corporate customers gain a structured insight into the complexities of global risk. It uses data on risks as varied as water shortages, energy price fluctuations, or political unrest. The tool goes beyond the ability to look at risks in single dimensions and shows the complex interactions between many different types of risks.",The company is a proprietary global risk analysis tool designed to help illustrate the impact of multivariate risks on individual countries and regions.,Python Software Engineer,56
57,zurich,1912.0,60196.0,10001.0,Insurance,"The company helps corporate customers gain a structured insight into the complexities of global risk. It uses data on risks as varied as water shortages, energy price fluctuations, or political unrest. The tool goes beyond the ability to look at risks in single dimensions and shows the complex interactions between many different types of risks.",The company is a proprietary global risk analysis tool designed to help illustrate the impact of multivariate risks on individual countries and regions.,Java Developer,57
58, ,1912.0,60196.0,10001.0,Insurance,"The company helps corporate customers gain a structured insight into the complexities of global risk. It uses data on risks as varied as water shortages, energy price fluctuations, or political unrest. The tool goes beyond the ability to look at risks in single dimensions and shows the complex interactions between many different types of risks.",The company is a proprietary global risk analysis tool designed to help illustrate the impact of multivariate risks on individual countries and regions.,Cloud Engineer,58
59,zurich,1912.0,60196.0,10001.0,Insurance,"The company helps corporate customers gain a structured insight into the complexities of global risk. It uses data on risks as varied as water shortages, energy price fluctuations, or political unrest. The tool goes beyond the ability to look at risks in single dimensions and shows the complex interactions between many different types of risks.",The company is a proprietary global risk analysis tool designed to help illustrate the impact of multivariate risks on individual countries and regions.,Data Scientist,59
60,cadbury_schweppes,1824.0,7936.0,71657.0,Confectionery,"This position is for a process developer with 3-5 years of experience supporting the NA Region Biscuit Process Development. Projects will focus on Innovation, Core process development & optimization, and quality improvement. The candidate will be responsible for the process development, optimization, and commercialization of new snack products related to the Biscuit category. This position allows the candidate to develop and drive growth opportunities within the Innovation group. This position will have the opportunity to work on multiple brands across and build strong relationships across R&D, with suppliers, Co-manufacturers, the Business, Research, etc.","This position is for a process developer with 3-5 years of experience supporting the NA Region Biscuit Process Development. Projects will focus on Innovation, Core process development & optimization, and quality improvement. The candidate will be responsible for the process development, optimization, and commercialization of new snack products related to the Biscuit category. This position allows the candidate to develop and drive growth opportunities within the Innovation group. This position will have the opportunity to work on multiple brands across and build strong relationships across R&D, with suppliers, Co-manufacturers, the Business, Research, etc.",Senior Engineer,60
61,cadbury_schweppes,1824.0,7936.0,71657.0,Confectionery,"Responsible for business engagement, definition of the roadmap, technical solution design, solution adoption & ROI Delivery of effective and efficient Social Media Management Solutions
Accelerates growth through provision of technological solutions that derive insights from social data to enable actions and deliver business value by increasing our social intelligence
Supports Social Media community mgmt. & personalization by putting in place technology & governance
Ensures best in class Social Media Management technology stack for MDLZ is created and maintained
Enables standardization, simplification & governance of end to end processes by building sponsorship to invest in common critical technology infrastructure, empowering brands at market level","Responsible for business engagement, definition of the roadmap, technical solution design, solution adoption & ROI Delivery of effective and efficient Social Media Management Solutions
Accelerates growth through provision of technological solutions that derive insights from social data to enable actions and deliver business value by increasing our social intelligence
Supports Social Media community mgmt. & personalization by putting in place technology & governance
Ensures best in class Social Media Management technology stack for MDLZ is created and maintained
Enables standardization, simplification & governance of end to end processes by building sponsorship to invest in common critical technology infrastructure, empowering brands at market level",Global Technology Lead,61
62,marriott,1927.0,20810.0,177000.0,Hospitality,"The Senior Engineer oversees and/or performs highly technical functions, including engineering, materials testing, design review and monitoring of the quality of construction performed by architects, engineers, consultants, contractors and sub-contractors on a variety of DASNY projects.","The Senior Engineer oversees and/or performs highly technical functions, including engineering, materials testing, design review and monitoring of the quality of construction performed by architects, engineers, consultants, contractors and sub-contractors on a variety of DASNY projects.",Senior Engineer,62
63,marriott,1927.0,20810.0,177000.0,Hospitality,"This role requires the ability to move and lift up to 25 lbs. Standing, sitting or walking for extended periods of time and ensuring a professional appearance in a clean uniform are also required. Prior to employment, we’ll ask you to complete safety training and certification.","This role requires the ability to move and lift up to 25 lbs. Standing, sitting or walking for extended periods of time and ensuring a professional appearance in a clean uniform are also required. Prior to employment, we’ll ask you to complete safety training and certification.",Server,63
64,syniverse,1987.0,33647.0,2179.0,Telecommunications,"The Technical Service Manager is responsible for providing leadership in various functions with the objective of maintaining normal operation of IT systems for clients; undertake installation and commissioning of software and hardware; deliver a successful development, implementation and support services to all our customers. Working principally with different departments including Solution Consulting, Sales, Project Management, Development and other functions to ensure the provided services are meeting customer Service Level Agreements and expectations. Project Delivery Completes deliverables on time and on budget Adjusts project efforts to manage multiple demands and shifting priorities. Leads the team into a timely “best possible solution” decision and reach closure.","The Technical Service Manager is responsible for providing leadership in various functions with the objective of maintaining normal operation of IT systems for clients; undertake installation and commissioning of software and hardware; deliver a successful development, implementation and support services to all our customers. Working principally with different departments including Solution Consulting, Sales, Project Management, Development and other functions to ensure the provided services are meeting customer Service Level Agreements and expectations. Project Delivery Completes deliverables on time and on budget Adjusts project efforts to manage multiple demands and shifting priorities. Leads the team into a timely “best possible solution” decision and reach closure.",Technical Service Manager,64
65,syniverse,1987.0,33647.0,2179.0,Telecommunications,"The Senior Systems Engineer (SSE) assigned to the DBA Homeroom is responsible for supporting very large and complex databases including the organization, installation and assessment of enterprise database management system software across multiple database environments. Systems are based on Oracle RDBMS, MySQL, MS SQL Server and Vertica hosted on Unix/Linux platforms. Activities require the use of ISO9000 guidelines and specific DBA Homeroom best practices, standards, policies and procedures. The SSE Oracle Database Administrator supports specific aspects of developmental, system test and production environments of an existing Oracle database environment. ","The Senior Systems Engineer (SSE) assigned to the DBA Homeroom is responsible for supporting very large and complex databases including the organization, installation and assessment of enterprise database management system software across multiple database environments. Systems are based on Oracle RDBMS, MySQL, MS SQL Server and Vertica hosted on Unix/Linux platforms. Activities require the use of ISO9000 guidelines and specific DBA Homeroom best practices, standards, policies and procedures. The SSE Oracle Database Administrator supports specific aspects of developmental, system test and production environments of an existing Oracle database environment. ",Sr. Systems Engineer,65
66,Lowes,1946.0,28115.0,310000.0,Retail,The primary purpose of this Peformance Testing role is to assist in the development of the software quality assurance (SQA) test strategy and project plans for moderately to highly complex IT initiatives across multiple SQA domains. This includes responsibility for assisting in the development of a formal GQS (Global Quality Services) Framework and providing end-to-end quality assurance throughout the entire Software Development Life Cycle (SDLC) for moderately to highly complex IT initiatives in multiple SQA domains.,The primary purpose of this Peformance Testing role is to assist in the development of the software quality assurance (SQA) test strategy and project plans for moderately to highly complex IT initiatives across multiple SQA domains. This includes responsibility for assisting in the development of a formal GQS (Global Quality Services) Framework and providing end-to-end quality assurance throughout the entire Software Development Life Cycle (SDLC) for moderately to highly complex IT initiatives in multiple SQA domains.,Performance Tester,66
67,Lowes,1946.0,28115.0,310000.0,Retail,"Participate in the full system development lifecycle (SDLC) for custom developed applications using Siebel CRM. Siebel CRM Sales, Call Center, Finance, eService, eClinical and Public Sector verticals used to during efforts. Microsoft Visual SourceSafe used for configuration and release management. Responsible for technical and detail design, development activities, support for quality assurance testing activities and cooperation with other project teams to support production operations. Participate in application pre-deployment activities and integration testing, verifying code check-ins and unit tests, executing the software build process and verifying the build prior to releasing it to test. Responsible for the application load testing using Hewlett Packard Load Runner. Load testing includes validating application performance with virtual users and support to project team while addressing identified performance until completion of load testing. Provide reporting support for technical management team. Research, analyze and design system enhancements. Maintain technical best practices.","Participate in the full system development lifecycle (SDLC) for custom developed applications using Siebel CRM. Siebel CRM Sales, Call Center, Finance, eService, eClinical and Public Sector verticals used to during efforts. Microsoft Visual SourceSafe used for configuration and release management. Responsible for technical and detail design, development activities, support for quality assurance testing activities and cooperation with other project teams to support production operations. Participate in application pre-deployment activities and integration testing, verifying code check-ins and unit tests, executing the software build process and verifying the build prior to releasing it to test. Responsible for the application load testing using Hewlett Packard Load Runner. Load testing includes validating application performance with virtual users and support to project team while addressing identified performance until completion of load testing. Provide reporting support for technical management team. Research, analyze and design system enhancements. Maintain technical best practices.",Senior IT Software Engineer,67
68,publix_super_markets,1930.0,33811.0,193000.0,Retail,"Bachelor's degree
2+ years of experience in UI Design (or 5+ years without college degree)
Clear understanding of web and mobile design
Knowledge of information architecture
Expertise with prototyping tools such as Axure, Balsamiq, SketchFlow, Visio, OmniGraffle, Keynote, etc.
Knowledge of experience maps, system maps, concept maps, application structure diagrams, wireframes and wireflows, and use case and persona development
Understanding and oftentimes use of rapid prototyping techniques
Seasoned veteran of Adobe Photoshop, Illustrator, or Fireworks
Photography skills
Video editing/motion graphics
3D skills
Outstanding verbal and written communication skills
Ability to hand craft HTML and CSS
Ability to juggle multiple projects
Portfolio of previous work","Bachelor's degree
2+ years of experience in UI Design (or 5+ years without college degree)
Clear understanding of web and mobile design
Knowledge of information architecture
Expertise with prototyping tools such as Axure, Balsamiq, SketchFlow, Visio, OmniGraffle, Keynote, etc.
Knowledge of experience maps, system maps, concept maps, application structure diagrams, wireframes and wireflows, and use case and persona development
Understanding and oftentimes use of rapid prototyping techniques
Seasoned veteran of Adobe Photoshop, Illustrator, or Fireworks
Photography skills
Video editing/motion graphics
3D skills
Outstanding verbal and written communication skills
Ability to hand craft HTML and CSS
Ability to juggle multiple projects
Portfolio of previous work",Interactive Designer,68
69,publix_super_markets,1930.0,33811.0,193000.0,Retail,"Systems Analyst Programmer who will play a key role interacting with enterprise teams to define and develop architecture, technical requirements, interfaces, & implementation approaches for transactional payment applications. As a member of this technology team, you will have an opportunity to influence architecture & design across enterprise/cross-functional teams in a high paced environment, participate in understanding customer/associate feedback to resolve or improve technical issues and develop, own, and drive the implementation of the technology roadmap.","Systems Analyst Programmer who will play a key role interacting with enterprise teams to define and develop architecture, technical requirements, interfaces, & implementation approaches for transactional payment applications. As a member of this technology team, you will have an opportunity to influence architecture & design across enterprise/cross-functional teams in a high paced environment, participate in understanding customer/associate feedback to resolve or improve technical issues and develop, own, and drive the implementation of the technology roadmap.",Systems Analyst,69
70,publix_super_markets,1930.0,33811.0,193000.0,Retail,"Principal Network Engineer responsibilities involve defining, developing, maintaining and advising on the effective use of the Publix information technology architecture. The Network Engineering team is responsible for LAN/WAN Networks, Datacenter networking, Load Balancers, Wireless, DNS Systems, VoIP, and Quality of Service","Principal Network Engineer responsibilities involve defining, developing, maintaining and advising on the effective use of the Publix information technology architecture. The Network Engineering team is responsible for LAN/WAN Networks, Datacenter networking, Load Balancers, Wireless, DNS Systems, VoIP, and Quality of Service",Principal Network Engineer,70
71,harley_davidson,1903.0,53208.0,5800.0,Motorcycle Manufacturer,"The Integration Design Lead is responsible for the definition of target architecture and standards for our integration platform and service-based API’s as we transition to a more cloud-based and micro-services architecture. You will also oversee design and delivery teams in our current on-premise integration solutions (ETL, MFT, PI/PO)","The Integration Design Lead is responsible for the definition of target architecture and standards for our integration platform and service-based API’s as we transition to a more cloud-based and micro-services architecture. You will also oversee design and delivery teams in our current on-premise integration solutions (ETL, MFT, PI/PO)",IT Design Lead,71
72,harley_davidson,1903.0,53208.0,5800.0,Motorcycle Manufacturer,"The Senior Data Steward role is responsible for creation and maintenance of master data; coordinating with stakeholders to ensure master data milestone dates are met; and developing master data business standards, metrics, and processes. In this role, you will ensure data is compliant with defined standards, policies, and quality requirements as well as validate and measure data quality, integrity, accuracy, and consistency in the systems. You will be responsible for providing input to project teams (business and technical) as it relates to master data management and governance and demonstrate insight necessary to suggest improvements and attempts to address issues prior to seeking guidance from senior staff members","The Senior Data Steward role is responsible for creation and maintenance of master data; coordinating with stakeholders to ensure master data milestone dates are met; and developing master data business standards, metrics, and processes. In this role, you will ensure data is compliant with defined standards, policies, and quality requirements as well as validate and measure data quality, integrity, accuracy, and consistency in the systems. You will be responsible for providing input to project teams (business and technical) as it relates to master data management and governance and demonstrate insight necessary to suggest improvements and attempts to address issues prior to seeking guidance from senior staff members",Senior Data Steward,72
73,mcafee,1987.0,95054.0,6768.0,Data/Technology,"We are currently seeking a hands-on IT Manager at our Mishawaka, IN manufacturing plant. In this position, you will report to the Plant Controller and work very closely with the IT organization at the corporate headquarters in Tewksbury, MA. As the primary IT support resource at the plant, you will be responsible for hardware, networking, telco and business application on-site support. You will lead a variety of Plant related technology initiatives as well as provide on-site business reporting support. The candidate must have the ability to interact effectively with all business end users, grasp both technical and business needs quickly and possess outstanding customer service skills.","We are currently seeking a hands-on IT Manager at our Mishawaka, IN manufacturing plant. In this position, you will report to the Plant Controller and work very closely with the IT organization at the corporate headquarters in Tewksbury, MA. As the primary IT support resource at the plant, you will be responsible for hardware, networking, telco and business application on-site support. You will lead a variety of Plant related technology initiatives as well as provide on-site business reporting support. The candidate must have the ability to interact effectively with all business end users, grasp both technical and business needs quickly and possess outstanding customer service skills.",IT Manager,73
74,mcafee,1987.0,95054.0,6768.0,Data/Technology,"You will work with developers, QA teams, Localization, Validation, Dev Ops and Program managers to design and implement repeatable processes and practices. To excel in this position, you must be passionate about software quality and be prepared to advocate on behalf of good process and industry best practices. You are an adept problem solver and thrive in a fast-paced entrepreneurial environment offering rich learning opportunities.","You will work with developers, QA teams, Localization, Validation, Dev Ops and Program managers to design and implement repeatable processes and practices. To excel in this position, you must be passionate about software quality and be prepared to advocate on behalf of good process and industry best practices. You are an adept problem solver and thrive in a fast-paced entrepreneurial environment offering rich learning opportunities.",Senior Software Development Engineer,74
75,kimberly_clark,1872.0,30309.0,42000.0,Personal Care,"The Engineering & Application Team is the IT Engine that delivers compelling and robust capabilities, products, and solutions to Kimberly-Clark’s business and IT teams by focusing on cost savings, business growth, as well as connecting with partners and customers. As part of that team, we are looking for a CRM Technical Lead that will be responsible for technical compliance - security and development standards for the NA Digital Production Team. This includes acting as a technical consultant on CRM related queries, requests, and providing guidance on CRM technology and development standards of Kimberly-Clark to the Service Providers who build commercial campaigns.","The Engineering & Application Team is the IT Engine that delivers compelling and robust capabilities, products, and solutions to Kimberly-Clark’s business and IT teams by focusing on cost savings, business growth, as well as connecting with partners and customers. As part of that team, we are looking for a CRM Technical Lead that will be responsible for technical compliance - security and development standards for the NA Digital Production Team. This includes acting as a technical consultant on CRM related queries, requests, and providing guidance on CRM technology and development standards of Kimberly-Clark to the Service Providers who build commercial campaigns.",CRM Technical Lead,75
76,kimberly_clark,1872.0,30309.0,42000.0,Personal Care,"Support the feasibility, development, and commercialization of new or changing safety and personal protective equipment by working with Marketing, Regulatory, Quality, Product Supply and customer groups. This position requires fluency in all aspects of the product development process from inception of an idea through introduction into manufacturing and any on-going sustaining engineering related activities post launch. This individual needs to be able to lead project teams, communicate to key stakeholders throughout the continuum of the product development cycle","Support the feasibility, development, and commercialization of new or changing safety and personal protective equipment by working with Marketing, Regulatory, Quality, Product Supply and customer groups. This position requires fluency in all aspects of the product development process from inception of an idea through introduction into manufacturing and any on-going sustaining engineering related activities post launch. This individual needs to be able to lead project teams, communicate to key stakeholders throughout the continuum of the product development cycle",Sr. Engineer- Gloves and Apparel,76
77,capital_one,1988.0,75024.0,49300.0,Finance & Investment,"Hands-on Angular JS experience (Angular 5 is a plus)
Strong Back End Java experience
AWS experience
Strong coding skills
Exposure to Cloud (big plus)","Hands-on Angular JS experience (Angular 5 is a plus)
Strong Back End Java experience
AWS experience
Strong coding skills
Exposure to Cloud (big plus)",Software Developer,77
78,capital_one,1988.0,75024.0,49300.0,Finance & Investment,"This exciting opportunity is with the US Card Workforce Management (WFM) team, which supports a large call center network by providing staffing planning and analysis to optimize customer experience, agent flexibility and efficient economics. This role will be a blend of Problem-solving/Analytics, Process Management, and Relationship Management, with results driven as an individual performer. You will leverage data and relationships to identify and recommend opportunities for improved experiences for agents and customers. Through well-executed processes and trend analysis, you will provide meaningful insights and recommendations to deliver to key business partners within our contact centers.","This exciting opportunity is with the US Card Workforce Management (WFM) team, which supports a large call center network by providing staffing planning and analysis to optimize customer experience, agent flexibility and efficient economics. This role will be a blend of Problem-solving/Analytics, Process Management, and Relationship Management, with results driven as an individual performer. You will leverage data and relationships to identify and recommend opportunities for improved experiences for agents and customers. Through well-executed processes and trend analysis, you will provide meaningful insights and recommendations to deliver to key business partners within our contact centers.",Sr. Staffing Analyst,78
79,capital_one,1988.0,75024.0,49300.0,Finance & Investment,"In the Scrum Master role, you'll serve as the servant leader for your team(s) by ensuring clear communication and helping the team reach its goal. The Scrum Master will drive the appropriate Agile methodology (Scrum/Kanban/etc) focused on predictable, quality delivery and driving continuous improvement of the team. The Scrum Master will facilitate team productivity by removing impediments that may obstruct the pursuit of the team's goals and by preserving flexibility and ability to rapidly respond to changes on the team","In the Scrum Master role, you'll serve as the servant leader for your team(s) by ensuring clear communication and helping the team reach its goal. The Scrum Master will drive the appropriate Agile methodology (Scrum/Kanban/etc) focused on predictable, quality delivery and driving continuous improvement of the team. The Scrum Master will facilitate team productivity by removing impediments that may obstruct the pursuit of the team's goals and by preserving flexibility and ability to rapidly respond to changes on the team",Scrum Master,79
